acct_gradetds|Accounting
admin_contributions|Administration
advert_facpapers|Advertising, Public Relations and Media Design
advert_ugrad|Advertising, Public Relations and Media Design
amrc_facpapers|American Music Research Center
anth_facpapers|Anthropology
anth_gradetds|Anthropology
anth_gradpapers|Anthropology
appm_facpapers|Applied Mathematics
appm_gradetds|Applied Mathematics
aren_gradetds|Civil, Environmental and Architectural Engineering
art_mfa|Art and Art History
arth_gradetds|Art and Art History
arth_gradpapers|Art and Art History
asen_facpapers|Aerospace Engineering Sciences
asen_gradetds|Aerospace Engineering Sciences
asia_facpapers|Asian Languages and Civilizations
asia_gradetds|Asian Languages and Civilizations
astr_facpapers|Astrophysical and Planetary Sciences (APS)
astr_gradetds|Astrophysical and Planetary Sciences (APS)
atlas_facpapers|ATLAS Institute
atlas_gradetds|ATLAS Institute
atlas_gradpapers|ATLAS Institute
atoc_facpapers|Atmospheric and Oceanic Sciences (ATOC)
atoc_gradetds|Atmospheric and Oceanic Sciences (ATOC)
badm_facpapers|Business Administration
badm_gradetds|Business Administration
biochem_facpapers|Biochemistry
biochem_gradetds|Biochemistry
brap_gradetds|Brass and Percussion
casia_facpapers|Center for Asian Studies
casia_gradetds|Center for Asian Studies
chbe_facpapers|Chemical and Biological Engineering
chbe_gradetds|Chemical and Biological Engineering
chem_facpapers|Chemical and Biological Engineering
chem_gradetds|Chemical and Biological Engineering
chemistry_facpapers|Chemistry 
chemistry_gradetds|Chemistry 
chen_gradetds|Chemical Engineering
cires_facpapers|Cooperative Institute for Research in Environmental Sciences
cires_gradetds|Cooperative Institute for Research in Environmental Sciences
comm_facpapers|Communications
comm_gradetds|Communications
comm_ugrad|Communications
csci_facpapers|Computer Science
csci_gradetds|Computer Science
csci_techreports|Computer Science
csci_ugrad|Computer Science
csl_facpapers|Center for STEM Learning
cumuse_facpapers|University of Colorado Museum of Natural History
cumuse_gradetds|University of Colorado Museum of Natural History
cven_facpapers|Civil, Environmental and Architectural Engineering
cven_gradetds|Civil, Environmental and Architectural Engineering
cven_gradpapers|Civil, Environmental and Architectural Engineering
ebio_facpapers|Ecology and Evolutionary Biology
ebio_gradetds|Ecology and Evolutionary Biology
ecen_facpapers|Electrical, Computer and Energy Engineering (ECEE)
ecen_gradetds|Electrical, Computer and Energy Engineering (ECEE)
econ_facpapers|Economics
econ_gradetds|Economics
econ_ugrad|Economics
educ_facpapers|School of Education
educ_gradetds|School of Education
educ_gradpapers|School of Education
eeng_gradetds|Electrical, Computer and Energy Engineering (ECEE)
elmimi|Electrical, Computer and Energy Engineering (ECEE)
emen_gradetds|Engineering Management Program
engage_pubs|CU Engage
engage_resources|CU Engage
engl_facpapers|English
engl_gradetds|English
engl_ugrad|English
envd_facpapers|Program in Environmental Design
envs_facpapers|Environmental Studies 
envs_gradetds|Environmental Studies 
envs_gradpapers|Environmental Studies 
envs_ugrad|Environmental Studies 
esbm_gradetds|Entrepreneurship & Small Business Management
fnce_facpapers|Finance
fnce_gradetds|Finance
frit_facpapers|French & Italian
frit_gradetds|French & Italian
geog_facpapers|Geography
geog_gradetds|Geography
geog_gradpapers|Geography
geol_facpapers|Geology
geol_gradetds|Geology
geol_gradpapers|Geology
gsll_facpapers|Germanic and Slavic Languages and Literatures
gsll_gradetds|Germanic and Slavic Languages and Literatures
hist_facpapers|History
hist_gradetds|History
hist_gradpapers|History
honr_theses|Honors Program
iawp_gradetds|Intermedia Art, Writing and Performance
ibg_facpapers|Institute for Behavioral Genetics
ibs_facpapers|Institute of Behavioral Science
ics_facpapers|Institute of Cognitive Science
ics_gradetds|Institute of Cognitive Science
infosci_facpapers|Information Science
instaar_facpapers|Institute of Arctic & Alpine Research
instaar_gradetds|Institute of Arctic & Alpine Research
iphy_facpapers|Integrative Physiology
iphy_gradetds|Integrative Physiology
jila_facpapers|JILA
jila_gradetds|JILA
jour_gradetds|Journalism & Mass Communication
jour_gradpapers|Journalism & Mass Communication
journ_facpapers|Journalism & Mass Communication
journ_gradetds|Journalism
journ_ugrad|Journalism
lasp_facpapers|Laboratory for Atmospheric & Space Physics
libr_facpapers|University Libraries
libr_fellows|University Libraries
libr_oafund|University Libraries
ling_facpapers|Linguistics
ling_gradetds|Linguistics
math_facpapers|Mathematics
math_gradetds|Mathematics
mats_gradetds|Materials Science & Engineering Program
mcdb_facpapers|Molecular, Cellular & Developmental Biology (MCDB)
mcdb_gradetds|Molecular, Cellular & Developmental Biology (MCDB)
mcdb_ugrad|Molecular, Cellular & Developmental Biology (MCDB)
mcen_facpapers|Mechanical Engineering
mcen_gradetds|Mechanical Engineering
mcon_gradetds|Music Conducting
mecco_data|Center for Science & Technology Policy Research
mecco_summaries|Center for Science & Technology Policy Research
media_facpapers|Media Studies
media_gradetds|Media Studies
media_ugrad|Media Studies
mgmt_gradetds|Management
mkey_gradetds|Keyboard
mktg_facpapers|Marketing
mktg_gradetds|Marketing
mstr_gradetds|Strings
mthe_facpapers|Music Theory
mthe_gradetds|Music Theory
mthe_gradpapers|Music Theory
muco_facpapers|Musicology
muco_gradetds|Musicology
muco_gradpapers|Musicology
mued_gradetds|Music Education
mvoc_gradetds|Voice and Opera
mwoo_facpapers|Woodwinds
nepc|National Education Policy Center
opim_facpapers|Operations & Information Management
opim_gradetds|Operations & Information Management
ormg_gradetds|Operations & Information Management
ossorio|Psychology and Neuroscience
ovcr|Administration
pendulum|College of Music
phil_facpapers|Philosophy
phil_gradetds|Philosophy
phys_facpapers|Physics
phys_gradetds|Physics
phys_ugrad|Physics
print_theses|University Libraries
psci_facpapers|Political Science
psci_gradetds|Political Science
psci_ugrad|Political Science
psyc_facpapers|Psychology and Neuroscience
psyc_gradetds|Psychology and Neuroscience
psyc_gradpapers|Psychology and Neuroscience
psyc_ugrad|Psychology and Neuroscience
rasei_facpapers|Renewable & Sustainable Energy Institute
rlst_facpapers|Religious Studies
rlst_gradetds|Religious Studies
santhro|Anthropology
sbio|Ecology and Evolutionary Biology
sciboot|University Libraries
slhs_facpapers|Speech, Language, and Hearing Sciences (SLHS)
slhs_gradetds|Speech, Language, and Hearing Sciences (SLHS)
socy_facpapers|Sociology
socy_gradetds|Sociology
span_facpapers|Spanish and Portuguese
span_gradetds|Spanish and Portuguese
thom_gradetds|Thompson Jazz Studies Program
thtr_gradetds|Theatre and Dance
tlen_gradetds|Interdisciplinary Telecommunications
